,HAC,MR,SP,WC,NONE
0,1,1,1,,0
1,1,,,1,0
2,1,,,,0
3,1,,,,0
4,,1,1,1,0
5,,1,1,1,0
6,,1,,1,0
7,,,,,1
8,1,1,1,,0
9,,,,,1
10,,1,,1,0
11,,,,,1
12,,,,,1
13,,,,,1
14,,1,,1,0
15,1,1,1,,0
16,,1,1,1,0
17,,1,1,1,0
18,,,,1,0
19,,1,1,1,0
20,1,1,1,1,0
21,1,1,1,1,0
22,1,1,,,0
23,,,1,,0
24,1,1,1,1,0
25,,,,,1
26,1,1,1,1,0
27,1,1,1,1,0
28,,,1,,0
29,1,1,1,1,0
30,1,1,,1,0
31,,,1,,0
32,,,1,,0
33,1,1,1,1,0
34,,1,1,1,0
35,1,1,1,1,0
36,1,1,1,1,0
37,,1,1,,0
38,1,1,1,1,0
39,1,1,1,1,0
40,1,1,1,1,0
41,,,1,,0
42,,,1,,0
43,1,1,1,1,0
44,,1,1,1,0
45,1,1,1,1,0
46,,1,1,1,0
47,1,1,1,1,0
48,,,1,,0
49,,1,1,1,0
50,,1,1,1,0
51,1,1,,1,0
52,,,,,1
53,1,1,1,1,0
54,1,1,1,1,0
55,1,1,1,1,0
56,,,1,,0
57,1,1,1,1,0
58,,,1,,0
59,1,1,,1,0
60,,,1,,0
61,1,1,1,1,0
62,1,1,1,1,0
63,,1,1,1,0
64,1,1,1,1,0
65,1,1,1,1,0
66,1,1,1,1,0
67,1,1,1,1,0
68,,,1,,0
69,,,,,1
70,1,1,1,1,0
71,1,1,1,1,0
72,1,1,1,1,0
73,,1,1,,0
74,1,1,1,1,0
75,,,,,1
76,1,1,,1,0
77,,1,1,1,0
78,1,1,1,1,0
79,1,1,1,1,0
80,1,1,1,1,0
81,1,1,1,1,0
82,1,1,1,1,0
83,,1,1,,0
84,,,,,1
85,,,1,,0
86,1,1,1,1,0
87,1,1,1,1,0
88,1,1,1,1,0
89,1,1,1,1,0
90,,,1,,0
91,,1,1,1,0
92,1,1,1,1,0
93,1,1,1,1,0
94,,,1,,0
95,,,1,,0
96,,,,,1
97,1,1,1,1,0
98,1,1,,1,0
99,,1,1,1,0
100,,1,1,,0
101,,1,1,,0
102,1,1,1,1,0
103,1,1,1,1,0
104,1,1,1,1,0
105,1,1,1,1,0
106,,,,,1
107,1,1,1,1,0
108,,,,,1
109,,1,1,1,0
110,1,1,,1,0
111,,1,1,1,0
112,1,1,1,1,0
113,,,1,,0
114,1,1,1,1,0
115,1,1,,1,0
116,1,1,1,1,0
117,1,1,1,1,0
118,,,,,1
119,,,1,,0
120,1,1,,1,0
121,,1,1,1,0
122,1,1,1,1,0
123,,,,,1
124,,1,1,1,0
125,,1,1,,0
126,1,1,1,1,0
127,1,1,1,1,0
128,,1,1,1,0
129,1,1,1,1,0
130,1,1,1,1,0
131,,,1,,0
132,,1,1,1,0
133,1,1,,1,0
134,,,,,1
135,1,1,1,1,0
136,1,1,1,1,0
137,1,1,1,1,0
138,1,1,1,1,0
139,,1,1,1,0
140,1,1,1,1,0
141,,,,,1
142,1,1,1,1,0
143,1,,,,0
144,1,1,1,1,0
145,,,,,1
146,1,1,1,1,0
147,1,1,1,1,0
148,,,,,1
149,1,1,1,1,0
150,1,1,1,1,0
151,,1,1,1,0
152,1,1,1,1,0
153,1,1,1,1,0
154,,1,1,,0
155,1,1,1,1,0
156,,1,1,1,0
157,,1,1,1,0
158,,,1,,0
159,,,1,,0
160,,,,,1
161,,,1,,0
162,1,1,1,1,0
163,1,1,1,1,0
164,,1,1,1,0
165,1,1,1,1,0
166,1,1,1,1,0
167,1,1,1,1,0
168,1,1,1,1,0
169,1,1,1,1,0
170,1,1,1,1,0
171,,,,,1
172,1,1,1,1,0
173,1,1,1,1,0
174,1,1,1,1,0
175,,,,,1
176,,1,1,,0
177,1,1,1,1,0
178,1,1,1,1,0
179,1,1,1,1,0
180,1,1,1,1,0
181,,,,,1
182,1,1,1,1,0
183,1,,,,0
184,1,1,1,1,0
185,1,1,1,1,0
186,1,1,1,1,0
187,1,1,1,1,0
188,1,1,1,1,0
189,1,1,1,1,0
190,,,,,1
191,1,1,1,1,0
192,1,1,1,1,0
193,1,1,1,1,0
194,,1,1,,0
195,1,1,1,1,0
196,1,1,1,1,0
197,,,,,1
198,1,1,1,1,0
199,,1,1,1,0
200,,,,,1
201,1,1,1,1,0
202,1,1,1,1,0
203,1,1,1,1,0
204,1,1,1,1,0
205,,,,,1
206,1,1,1,1,0
207,,1,1,1,0
208,,1,1,1,0
209,1,1,1,1,0
210,1,1,1,1,0
211,,,,,1
212,1,1,1,1,0
213,,,,,1
214,1,1,1,1,0
215,1,1,1,1,0
216,,,,,1
217,1,,1,,0
218,,1,1,1,0
219,1,1,1,1,0
220,1,1,1,1,0
221,,,1,,0
222,1,1,1,1,0
223,1,1,1,1,0
224,1,1,1,1,0
225,1,1,1,1,0
226,1,1,1,1,0
227,,1,1,1,0
228,1,1,1,1,0
229,1,1,1,1,0
230,1,1,1,1,0
231,1,1,,1,0
232,1,1,1,1,0
233,,,,,1
234,,,,,1
235,1,1,1,1,0
236,1,1,1,1,0
237,1,1,1,1,0
238,1,1,1,1,0
239,1,1,1,1,0
240,1,1,1,1,0
241,1,1,1,1,0
242,1,1,1,1,0
243,1,1,1,1,0
244,1,1,1,1,0
245,1,1,,1,0
246,,1,1,1,0
247,1,1,,1,0
248,1,1,1,1,0
249,1,1,1,1,0
250,1,1,1,1,0
251,1,1,,1,0
252,1,1,1,1,0
253,1,1,1,1,0
254,1,1,1,1,0
255,1,1,1,1,0
256,1,1,1,1,0
257,1,,,,0
258,1,1,1,1,0
259,,1,1,,0
260,,,,,1
261,,,,,1
262,1,1,1,1,0
263,1,,1,1,0
264,1,1,1,1,0
265,1,,,,0
266,,,,,1
267,1,1,1,1,0
268,1,1,1,1,0
269,1,1,1,1,0
270,1,1,1,1,0
271,1,1,1,1,0
272,1,1,1,1,0
273,1,1,1,1,0
274,1,1,1,1,0
275,1,1,1,1,0
276,,,,,1
277,,,1,,0
278,,,,,1
279,1,1,1,1,0
280,1,1,1,1,0
281,1,1,1,1,0
282,1,1,1,1,0
283,1,,,,0
284,1,1,1,1,0
285,1,1,1,1,0
286,1,1,1,1,0
287,1,1,1,1,0
288,1,1,1,1,0
289,1,1,1,1,0
290,1,1,1,1,0
291,1,1,1,1,0
292,1,1,1,1,0
293,1,1,1,1,0
294,1,1,,1,0
295,1,1,1,1,0
296,1,1,1,1,0
297,1,1,1,1,0
298,1,1,1,1,0
299,,1,1,1,0
300,1,,,,0
301,1,1,1,1,0
302,1,1,1,1,0
303,1,1,1,1,0
304,1,1,1,1,0
305,1,1,1,1,0
306,,,1,,0
307,1,1,1,1,0
308,1,1,1,1,0
309,1,1,1,1,0
310,,,,,1
311,1,1,1,1,0
312,1,1,1,1,0
313,1,,,,0
314,1,,1,1,0
315,1,,1,1,0
316,1,1,,1,0
317,1,1,1,1,0
318,1,1,1,1,0
319,1,1,1,1,0
320,1,1,1,1,0
321,1,1,1,1,0
322,,1,1,1,0
323,1,1,1,1,0
324,1,1,1,1,0
325,1,1,1,1,0
326,,1,,1,0
327,1,1,1,1,0
328,,,,,1
329,1,1,1,1,0
330,1,,,,0
331,,,,,1
332,,,,,1
333,1,1,1,1,0
334,1,1,1,1,0
335,1,1,1,1,0
336,1,1,1,1,0
337,1,1,1,1,0
338,,,,,1
339,1,,,,0
340,1,1,1,1,0
341,1,,,,0
342,,1,1,1,0
343,,,1,,0
344,1,1,1,1,0
345,,,,,1
346,1,,,1,0
347,1,1,,1,0
348,1,1,1,1,0
349,,,1,,0
350,1,1,1,1,0
351,1,1,1,1,0
352,1,1,1,1,0
353,1,1,1,1,0
354,,1,1,1,0
355,,1,1,1,0
356,1,1,1,1,0
357,1,1,1,1,0
358,,,,,1
359,1,1,1,1,0
360,,,,,1
361,1,,,1,0
362,1,1,1,1,0
363,1,1,1,1,0
364,,,1,,0
365,1,1,1,1,0
366,,,,,1
367,,,,,1
368,,,,,1
369,1,1,1,1,0
370,1,1,1,1,0
371,1,1,1,1,0
372,1,1,1,1,0
373,1,,,,0
374,,,,,1
375,1,1,1,1,0
376,1,1,1,1,0
377,,,1,,0
378,,1,1,1,0
379,1,1,1,1,0
380,1,1,1,1,0
381,1,1,1,1,0
382,1,1,1,1,0
383,,,,,1
384,,1,1,1,0
385,1,1,1,1,0
386,1,,,,0
387,1,1,1,1,0
388,1,1,1,1,0
389,,,,,1
390,,1,1,1,0
391,1,1,1,1,0
392,1,1,1,1,0
393,,,,,1
394,1,1,1,1,0
395,1,1,1,1,0
396,,1,1,1,0
397,1,1,1,1,0
398,1,1,1,1,0
399,,,1,,0
400,1,1,1,1,0
401,1,,,1,0
402,1,1,1,1,0
403,1,1,1,1,0
404,,1,1,1,0
405,1,1,1,1,0
406,1,1,1,1,0
407,,,,,1
408,1,1,1,1,0
409,1,1,1,1,0
410,1,1,1,1,0
411,1,1,1,1,0
412,1,1,1,1,0
413,,,,,1
414,1,1,1,1,0
415,1,1,1,1,0
416,1,1,1,1,0
417,,,,,1
418,1,1,,1,0
419,,,,,1
420,1,1,1,1,0
421,,,1,,0
422,1,1,1,1,0
423,1,1,1,1,0
424,1,1,1,1,0
425,1,1,1,1,0
426,,,,,1
427,,,,,1
428,1,,,,0
429,,,,,1
430,,1,1,1,0
431,,1,1,1,0
432,,1,1,1,0
433,,1,1,1,0
434,,1,1,1,0
435,1,1,1,1,0
436,,,,,1
437,,,,,1
438,1,1,1,1,0
439,1,,,,0
440,,,,,1
441,1,1,1,1,0
442,1,1,1,1,0
443,1,1,1,1,0
444,,,1,,0
445,,1,1,,0
446,,1,1,1,0
447,1,1,1,1,0
448,1,1,1,1,0
449,,,,,1
450,1,1,1,1,0
451,1,1,1,1,0
452,,,,,1
453,1,1,1,1,0
454,,,,,1
455,1,1,1,1,0
456,1,1,1,1,0
457,,,,,1
458,1,1,1,1,0
459,1,,1,,0
460,,,,,1
461,1,1,1,1,0
462,1,1,1,1,0
463,,,,,1
464,,,,,1
465,1,1,1,1,0
466,1,1,1,1,0
467,,,,,1
468,,1,1,1,0
469,1,,,1,0
470,1,1,1,1,0
471,1,,,1,0
472,,,,,1
473,,1,1,1,0
474,,,1,,0
475,,,,,1
476,,1,1,1,0
477,,1,1,1,0
478,,1,1,1,0
479,1,1,1,1,0
480,1,1,1,1,0
481,,1,1,1,0
482,,,,,1
483,1,1,1,1,0
484,1,1,1,1,0
485,1,1,1,1,0
486,1,1,1,1,0
487,,,,,1
488,1,1,1,1,0
489,,1,1,1,0
490,,1,1,1,0
491,,1,1,1,0
492,1,1,1,1,0
493,1,1,1,1,0
494,,,,,1
495,,1,1,1,0
496,,,,,1
497,,1,1,1,0
498,,1,1,1,0
499,1,1,1,1,0
500,1,1,1,1,0
501,1,1,1,1,0
502,1,1,1,1,0
503,1,1,1,1,0
504,1,1,1,1,0
505,1,1,1,1,0
506,1,1,1,1,0
507,,,,,1
508,1,1,1,1,0
509,1,1,1,1,0
510,1,1,1,1,0
511,1,1,,1,0
512,1,1,1,1,0
513,,,,,1
514,1,1,1,1,0
515,,,,,1
516,1,1,1,1,0
517,1,1,,1,0
518,1,1,1,1,0
519,1,1,1,1,0
520,1,1,1,1,0
521,1,1,1,1,0
522,,,,,1
523,1,1,1,1,0
524,,1,1,,0
525,1,1,1,1,0
526,,,1,,0
527,1,1,1,1,0
528,1,1,1,1,0
529,1,1,1,1,0
530,1,1,1,1,0
531,1,1,1,1,0
532,1,1,1,1,0
533,,,,,1
534,,1,1,1,0
535,,,,,1
536,1,1,1,1,0
537,1,,,1,0
538,,,,,1
539,1,1,,1,0
540,1,1,1,1,0
541,1,1,1,1,0
542,1,1,1,1,0
543,1,1,1,1,0
544,1,1,1,1,0
545,1,1,1,1,0
546,1,1,1,1,0
547,1,1,1,1,0
548,,1,1,1,0
549,,1,1,1,0
550,,,,,1
551,,1,1,1,0
552,,,,,1
553,1,1,1,1,0
554,,1,1,1,0
555,,,,,1
556,,1,1,1,0
557,,1,1,1,0
558,,1,1,1,0
559,,1,1,1,0
560,,1,1,1,0
561,,,,,1
562,,1,1,1,0
563,1,,,,0
564,1,,,,0
565,,,,,1
566,1,1,1,1,0
567,1,1,1,1,0
568,1,1,1,1,0
569,1,1,1,1,0
570,1,1,1,1,0
571,1,1,1,1,0
572,,,,,1
573,,,,,1
574,,1,1,1,0
575,1,1,1,1,0
576,1,1,1,1,0
577,,1,1,1,0
578,,1,1,1,0
579,1,1,1,1,0
580,1,1,1,1,0
581,1,1,1,1,0
582,,,,,1
583,,1,1,1,0
584,1,1,1,1,0
585,,1,1,1,0
586,,,,,1
587,1,1,1,1,0
588,,1,1,1,0
589,1,1,1,1,0
590,1,1,1,1,0
591,,1,1,1,0
592,1,1,1,1,0
593,1,1,1,1,0
594,1,,,,0
595,1,1,1,1,0
596,,1,1,1,0
597,1,1,1,1,0
598,1,1,1,1,0
599,,,,,1
600,1,1,1,1,0
601,,1,1,1,0
602,1,1,1,1,0
603,,,,,1
604,1,1,1,1,0
605,1,1,1,1,0
606,1,1,1,1,0
607,1,1,1,1,0
608,1,1,1,1,0
609,,,1,,0
610,,,,,1
611,1,1,1,1,0
612,,,,,1
613,1,1,1,1,0
614,,1,1,1,0
615,,1,1,1,0
616,,,,,1
617,,,,,1
618,1,1,1,1,0
619,1,1,1,1,0
620,,1,1,1,0
621,,,,,1
622,1,1,1,1,0
623,,1,1,1,0
624,1,1,1,1,0
625,1,,,1,0
626,1,1,1,1,0
627,,1,1,1,0
628,1,1,1,1,0
629,1,1,1,1,0
630,1,1,1,1,0
631,1,1,1,1,0
632,1,1,1,1,0
633,1,1,1,1,0
634,,,,,1
635,1,1,1,1,0
636,1,1,1,1,0
637,1,1,1,1,0
638,1,1,1,1,0
639,,,,,1
640,1,,,,0
641,1,1,1,1,0
642,,,,,1
643,,,,,1
644,,,1,,0
645,1,1,1,1,0
646,,,,,1
647,1,1,1,1,0
648,1,1,1,1,0
649,,1,1,1,0
650,,,,,1
651,,1,1,1,0
652,1,1,1,,0
653,1,1,1,1,0
654,1,1,1,1,0
655,1,1,1,1,0
656,,,,,1
657,,,,,1
658,,1,1,1,0
659,,,,,1
660,1,1,1,1,0
661,1,1,1,1,0
662,,,,,1
663,1,1,1,1,0
664,1,,,1,0
665,1,1,1,1,0
666,1,1,1,1,0
667,1,1,1,1,0
668,,,1,,0
669,,,,,1
670,,,,,1
671,,1,1,1,0
672,1,,1,,0
673,1,,1,1,0
674,1,1,1,1,0
675,1,,1,1,0
676,,1,1,1,0
677,,,1,,0
678,1,1,1,1,0
679,1,,,,0
680,,1,1,1,0
681,1,1,1,1,0
682,,,,,1
683,1,1,1,1,0
684,1,1,1,1,0
685,1,,,1,0
686,,,,,1
687,1,,,,0
688,,,,,1
689,1,1,1,1,0
690,,1,1,1,0
691,1,1,1,1,0
692,,,,,1
693,1,,,,0
694,1,1,1,1,0
695,1,,,,0
696,1,1,1,1,0
697,1,,,,0
698,1,,,1,0
699,1,1,1,1,0
700,1,1,1,1,0
701,,,1,,0
702,,1,1,1,0
703,1,,,,0
704,1,,,,0
705,1,1,1,1,0
706,1,,,,0
707,,1,1,1,0
708,1,,,,0
709,1,1,1,1,0
710,1,1,1,1,0
711,1,,,,0
712,1,1,1,1,0
713,1,1,1,1,0
714,1,,,,0
715,,1,1,1,0
716,,,,,1
717,1,,,,0
718,1,,,,0
719,1,,,1,0
720,,1,1,1,0
721,,1,1,1,0
722,,1,1,1,0
723,1,1,1,1,0
724,1,,1,,0
725,1,1,1,1,0
726,1,,,,0
727,1,1,1,1,0
728,1,,,,0
729,,,,,1
730,,1,1,1,0
731,1,1,1,1,0
732,1,1,1,1,0
733,,1,1,1,0
734,1,,,,0
735,,1,1,1,0
736,1,1,1,1,0
737,1,1,1,1,0
738,,,,,1
739,1,1,1,1,0
740,,1,1,,0
741,1,1,1,1,0
742,1,1,1,1,0
743,1,,,1,0
744,,,,,1
745,,,1,,0
746,1,,,,0
747,1,,,,0
748,1,,,,0
749,1,,,1,0
750,1,1,1,1,0
751,1,1,1,1,0
752,,,,,1
753,1,1,1,1,0
754,,1,1,1,0
755,1,,,,0
756,1,1,1,1,0
757,,,,,1
758,1,1,1,1,0
759,,1,1,,0
760,1,,,,0
761,1,1,1,1,0
762,1,1,1,1,0
763,1,1,1,1,0
764,,1,1,1,0
765,,,,,1
766,1,,,,0
767,1,1,1,1,0
768,1,1,1,1,0
769,1,1,1,,0
770,1,,,1,0
771,,1,1,1,0
772,,1,1,,0
773,,,,,1
774,,,,,1
775,,,,,1
776,,,,,1
777,1,1,1,1,0
778,,,,,1
779,1,,,,0
780,,1,1,,0
781,,,,,1
782,1,1,1,1,0
783,1,1,1,1,0
784,1,1,1,1,0
785,,1,1,1,0
786,1,,,,0
787,1,,1,1,0
788,,1,1,1,0
789,1,1,1,1,0
790,1,,,,0
791,1,1,1,1,0
792,,1,1,1,0
793,1,1,1,1,0
794,1,1,1,1,0
795,1,1,1,1,0
796,1,1,1,1,0
797,1,1,1,1,0
798,1,1,1,1,0
799,1,1,1,1,0
800,1,1,1,1,0
801,1,1,1,1,0
802,1,,,,0
803,,1,1,1,0
804,1,1,1,1,0
805,1,1,1,1,0
806,1,,,,0
807,1,1,1,1,0
808,1,1,1,1,0
809,,1,1,1,0
810,,,,,1
811,1,1,,1,0
812,,1,1,1,0
813,,,,,1
814,1,1,1,1,0
815,1,1,1,1,0
816,,1,1,1,0
817,1,1,1,1,0
818,1,,,,0
819,1,1,1,1,0
820,,,,,1
821,1,1,1,1,0
822,1,1,1,1,0
823,1,1,1,1,0
824,,,,,1
825,,,,,1
826,,1,1,1,0
827,,,,,1
828,,1,1,1,0
829,,1,1,1,0
830,,,,,1
831,,1,1,1,0
832,,,,,1
833,1,1,1,1,0
834,,1,1,1,0
835,1,1,1,1,0
836,1,1,1,1,0
837,1,1,1,1,0
838,1,1,1,1,0
839,1,1,1,1,0
840,1,1,1,1,0
841,1,1,1,1,0
842,1,1,1,1,0
843,1,1,1,1,0
844,1,1,1,1,0
845,1,,,,0
846,1,1,1,1,0
847,1,1,1,1,0
848,1,1,1,1,0
849,,1,1,1,0
850,1,1,1,1,0
851,,,,,1
852,1,1,1,1,0
853,,1,1,,0
854,1,1,1,1,0
855,1,1,1,1,0
856,,1,1,1,0
857,1,1,1,1,0
858,,1,1,1,0
859,1,1,1,1,0
860,1,1,1,1,0
861,,1,1,1,0
862,1,,,,0
863,1,1,1,1,0
864,,1,1,,0
865,,,,,1
866,1,1,1,1,0
867,1,1,1,1,0
868,1,1,1,1,0
869,1,1,1,1,0
870,1,1,1,1,0
871,1,1,1,1,0
872,1,1,1,1,0
873,1,1,1,1,0
874,1,1,1,1,0
875,,1,1,1,0
876,1,1,1,1,0
877,,1,1,1,0
878,,,,,1
879,1,1,1,1,0
880,,,,,1
881,,,,,1
882,,,,,1
883,,,,,1
884,1,1,1,1,0
885,1,1,1,1,0
886,,1,1,1,0
887,,,,,1
888,,,,,1
889,,1,1,1,0
890,1,1,1,1,0
891,1,1,1,1,0
892,1,1,1,1,0
893,,,,,1
894,,,,,1
895,,1,1,1,0
896,1,1,1,1,0
897,1,1,1,1,0
898,,1,1,1,0
899,1,1,1,1,0
900,,1,1,1,0
901,,1,1,1,0
902,,,,,1
903,1,1,1,1,0
904,,,,,1
905,1,1,1,1,0
906,1,,,,0
907,,1,1,1,0
908,,1,1,1,0
909,1,1,1,1,0
910,1,1,1,1,0
911,1,1,1,1,0
912,1,1,1,1,0
913,1,,1,,0
914,,1,1,1,0
915,1,,,,0
916,1,1,1,1,0
917,,,,,1
918,1,,,1,0
919,,1,1,1,0
920,1,1,1,1,0
921,1,1,1,1,0
922,1,,,1,0
923,,,,,1
924,,,,,1
925,1,1,1,1,0
926,1,1,1,1,0
927,1,1,1,1,0
928,1,1,1,1,0
929,1,1,1,1,0
930,,,,,1
931,,1,1,,0
932,,,,,1
933,,,,,1
934,,,,,1
935,,,,,1
936,,,,,1
937,,,,,1
938,1,1,1,1,0
939,,1,1,1,0
940,1,,,,0
941,,1,1,1,0
942,,1,1,1,0
943,1,1,1,1,0
944,,,,,1
945,1,1,1,1,0
946,1,1,1,1,0
947,,,,,1
948,,,,,1
949,1,1,1,1,0
950,1,1,1,1,0
951,,1,1,1,0
952,1,1,1,1,0
953,1,1,1,1,0
954,1,1,1,1,0
955,1,1,1,1,0
956,,1,1,1,0
957,,1,1,1,0
958,,,,,1
959,1,1,1,1,0
960,,1,1,1,0
961,1,1,1,1,0
962,,1,1,1,0
963,1,,1,,0
964,,,,,1
965,1,,,,0
966,1,1,1,1,0
967,1,1,1,1,0
968,,,1,,0
969,1,,,,0
970,1,1,1,,0
971,1,,,,0
972,,1,1,1,0
973,,,,,1
974,,1,1,1,0
975,,1,1,1,0
976,1,1,1,1,0
977,,,,,1
978,1,1,1,1,0
979,,1,1,,0
980,1,1,1,1,0
981,,1,1,1,0
982,,1,1,1,0
983,1,,1,,0
984,,1,1,1,0
985,1,,,1,0
986,,1,1,1,0
987,,,1,,0
988,1,1,1,1,0
989,1,,,,0
990,1,1,1,1,0
991,,,,,1
992,,1,1,1,0
993,1,1,1,1,0
994,1,1,1,1,0
995,,1,1,1,0
996,1,,,,0
997,,,,,1
998,,,,,1
999,,1,1,1,0
1000,1,,,,0
1001,1,1,1,1,0
1002,1,,,1,0
1003,,,,,1
1004,1,,,,0
1005,,,,,1
1006,1,1,1,1,0
1007,1,1,1,1,0
1008,1,1,1,1,0
1009,1,1,1,1,0
1010,1,1,1,1,0
1011,1,1,1,1,0
1012,,,,,1
1013,,1,1,1,0
1014,,,,,1
1015,1,1,1,1,0
1016,,1,1,1,0
1017,1,,,1,0
1018,1,1,1,1,0
1019,,,,,1
1020,,,,,1
1021,,1,1,1,0
1022,1,1,1,1,0
1023,,,,,1
1024,,1,1,1,0
1025,,,,,1
1026,,1,1,1,0
1027,1,1,1,1,0
1028,1,1,1,1,0
1029,,1,1,1,0
1030,1,1,1,1,0
1031,,1,1,1,0
1032,1,1,1,1,0
1033,,1,1,1,0
1034,,,,,1
1035,1,1,1,1,0
1036,1,1,1,1,0
1037,1,,,,0
1038,1,1,1,1,0
1039,,1,1,1,0
1040,1,1,1,1,0
1041,1,1,1,1,0
1042,1,1,1,1,0
1043,1,1,1,1,0
1044,1,,,,0
1045,1,1,1,1,0
1046,,1,1,1,0
1047,,1,1,1,0
1048,,,,,1
1049,1,1,1,1,0
1050,1,1,1,1,0
1051,,,1,,0
1052,,,,,1
1053,1,1,1,1,0
1054,1,1,1,1,0
1055,1,1,1,1,0
1056,1,1,1,1,0
1057,,1,1,1,0
1058,1,1,1,1,0
1059,1,1,1,1,0
1060,,,,,1
1061,1,1,1,1,0
1062,1,1,1,1,0
1063,1,1,1,1,0
1064,1,1,1,1,0
1065,,,,,1
1066,,,,,1
1067,,,,,1
1068,1,1,1,1,0
1069,1,1,1,1,0
1070,,1,1,1,0
1071,1,1,1,1,0
1072,,1,1,1,0
1073,,,,,1
1074,,,,,1
1075,1,1,1,1,0
1076,1,1,1,1,0
1077,,,,,1
1078,,1,1,,0
1079,,,,,1
1080,,1,1,1,0
1081,1,1,1,1,0
1082,1,1,1,1,0
1083,1,1,1,1,0
1084,,,,,1
1085,1,,,,0
1086,,,,,1
1087,1,1,1,1,0
1088,1,,,,0
1089,1,1,1,1,0
1090,1,1,1,1,0
1091,1,1,1,1,0
1092,1,1,1,1,0
1093,,,,,1
1094,,,,,1
1095,1,1,1,1,0
1096,,,,,1
1097,1,1,1,1,0
1098,1,1,1,1,0
1099,1,1,1,1,0
1100,1,,,1,0
1101,,,,,1
1102,,,,,1
1103,,1,1,1,0
1104,1,1,1,1,0
1105,1,1,1,1,0
1106,1,1,1,1,0
1107,1,1,1,1,0
1108,1,1,1,1,0
1109,1,1,1,1,0
1110,1,,,,0
1111,1,1,1,1,0
1112,1,1,1,1,0
1113,1,1,1,1,0
1114,1,1,1,1,0
1115,1,1,1,1,0
1116,1,1,,1,0
1117,,,,,1
1118,1,1,1,1,0
1119,,1,1,1,0
1120,1,1,1,1,0
1121,1,,,,0
1122,,,,,1
1123,,1,1,1,0
1124,1,1,1,1,0
1125,,,1,,0
1126,,1,1,1,0
1127,,1,1,1,0
1128,,1,1,1,0
1129,1,1,,1,0
1130,1,1,1,1,0
1131,1,,,,0
1132,1,1,1,1,0
1133,,1,1,1,0
1134,,1,1,1,0
1135,1,1,1,1,0
1136,,,,,1
1137,1,,,,0
1138,,,,,1
1139,1,1,1,1,0
1140,1,1,1,1,0
1141,1,1,1,1,0
1142,1,1,1,1,0
1143,,,,,1
1144,1,1,1,1,0
1145,1,,,,0
1146,1,,1,,0
1147,1,1,1,1,0
1148,1,1,1,1,0
1149,1,,,,0
1150,1,1,1,,0
1151,,,,,1
1152,1,1,1,1,0
1153,1,1,1,1,0
1154,1,1,1,1,0
1155,1,1,1,1,0
1156,1,1,1,1,0
1157,,,1,,0
1158,,1,1,1,0
1159,1,1,1,1,0
1160,1,1,1,1,0
1161,1,1,1,1,0
1162,,1,1,1,0
1163,,1,1,1,0
1164,1,1,1,1,0
1165,1,1,1,1,0
1166,,1,1,,0
1167,,1,1,1,0
1168,,1,1,1,0
1169,,,,,1
1170,1,,,,0
1171,1,1,1,1,0
1172,,,,,1
1173,1,,,,0
1174,1,1,1,1,0
1175,1,1,1,1,0
1176,,,,,1
1177,,1,1,1,0
1178,1,1,1,1,0
1179,1,,1,,0
1180,,,,,1
1181,,,1,,0
1182,1,1,1,1,0
1183,,1,1,1,0
1184,,1,1,1,0
1185,,,,,1
1186,,1,1,1,0
1187,1,1,1,1,0
1188,1,1,1,1,0
1189,1,1,1,1,0
1190,1,1,1,1,0
1191,,1,,,0
1192,1,1,1,1,0
1193,1,,,,0
1194,1,,,,0
1195,,,,,1
1196,,1,1,1,0
1197,,,,,1
1198,1,,,,0
1199,1,,,,0
1200,,,,,1
1201,,,,,1
1202,1,1,1,1,0
1203,,1,1,1,0
1204,1,1,1,1,0
1205,1,1,1,1,0
1206,,1,1,1,0
1207,1,1,1,1,0
1208,,,1,,0
1209,,1,1,1,0
1210,1,1,1,1,0
1211,1,,,,0
1212,1,1,1,1,0
1213,1,1,1,1,0
1214,,,,,1
1215,1,1,1,1,0
1216,1,1,1,1,0
1217,1,1,1,1,0
1218,,1,,1,0
1219,1,,,,0
1220,,1,1,1,0
1221,1,1,1,1,0
1222,1,1,1,1,0
1223,1,1,1,1,0
1224,,,1,,0
1225,1,1,1,1,0
1226,,1,1,1,0
1227,,,,,1
1228,1,1,1,1,0
1229,1,1,1,1,0
1230,,1,1,1,0
1231,,,,,1
1232,1,1,1,1,0
1233,1,1,1,1,0
1234,1,1,1,1,0
1235,,,,,1
1236,1,1,1,1,0
1237,,,,,1
1238,,1,1,1,0
1239,1,,,,0
1240,,,,,1
1241,,1,1,1,0
1242,,,1,,0
1243,,,1,,0
1244,1,1,1,1,0
1245,1,1,1,1,0
1246,1,1,1,1,0
1247,,1,1,1,0
1248,1,1,1,1,0
1249,,,1,,0
1250,,,1,,0
1251,,1,1,1,0
1252,1,1,1,1,0
1253,1,1,1,1,0
1254,1,1,1,1,0
1255,,,,,1
1256,1,1,1,1,0
1257,1,,,,0
1258,1,1,1,1,0
1259,1,1,1,1,0
1260,1,1,1,1,0
1261,1,1,1,1,0
1262,,,,,1
1263,1,1,1,1,0
1264,,,,,1
1265,1,,,,0
1266,1,1,1,1,0
1267,1,1,1,1,0
1268,,,,,1
1269,1,1,1,1,0
1270,,1,1,1,0
1271,1,1,1,1,0
1272,1,,,,0
1273,1,1,1,1,0
1274,,1,1,1,0
1275,1,,,,0
1276,,1,1,1,0
1277,1,1,1,1,0
1278,,1,1,,0
1279,1,1,1,1,0
1280,,,,,1
